importer_module,imported_module,file_path
helpershelp.api.app,helpershelp.assistant.sync,/Users/sagalilja/Library/Mobile Documents/com~apple~CloudDocs/Helper/backend/src/helpershelp/api/app.py
helpershelp.api.deps,helpershelp.mail.provider,/Users/sagalilja/Library/Mobile Documents/com~apple~CloudDocs/Helper/backend/src/helpershelp/api/deps.py
helpershelp.api.routes.assistant,helpershelp.assistant.language_guardrails,/Users/sagalilja/Library/Mobile Documents/com~apple~CloudDocs/Helper/backend/src/helpershelp/api/routes/assistant.py
helpershelp.api.routes.assistant,helpershelp.assistant.models,/Users/sagalilja/Library/Mobile Documents/com~apple~CloudDocs/Helper/backend/src/helpershelp/api/routes/assistant.py
helpershelp.api.routes.assistant,helpershelp.application.assistant.proposals,/Users/sagalilja/Library/Mobile Documents/com~apple~CloudDocs/Helper/backend/src/helpershelp/api/routes/assistant.py
helpershelp.api.routes.assistant,helpershelp.domain.rules.scoring,/Users/sagalilja/Library/Mobile Documents/com~apple~CloudDocs/Helper/backend/src/helpershelp/api/routes/assistant.py
helpershelp.api.routes.assistant,helpershelp.assistant.support,/Users/sagalilja/Library/Mobile Documents/com~apple~CloudDocs/Helper/backend/src/helpershelp/api/routes/assistant.py
helpershelp.api.routes.auth,helpershelp.infrastructure.security.token_manager,/Users/sagalilja/Library/Mobile Documents/com~apple~CloudDocs/Helper/backend/src/helpershelp/api/routes/auth.py
helpershelp.api.routes.auth,helpershelp.mail.oauth_models,/Users/sagalilja/Library/Mobile Documents/com~apple~CloudDocs/Helper/backend/src/helpershelp/api/routes/auth.py
helpershelp.api.routes.llm,helpershelp.domain.value_objects.time_utils,/Users/sagalilja/Library/Mobile Documents/com~apple~CloudDocs/Helper/backend/src/helpershelp/api/routes/llm.py
helpershelp.api.routes.oauth_gmail,helpershelp.infrastructure.security.token_manager,/Users/sagalilja/Library/Mobile Documents/com~apple~CloudDocs/Helper/backend/src/helpershelp/api/routes/oauth_gmail.py
helpershelp.api.routes.oauth_gmail,helpershelp.mail.oauth_models,/Users/sagalilja/Library/Mobile Documents/com~apple~CloudDocs/Helper/backend/src/helpershelp/api/routes/oauth_gmail.py
helpershelp.api.routes.sync,helpershelp.assistant.linking,/Users/sagalilja/Library/Mobile Documents/com~apple~CloudDocs/Helper/backend/src/helpershelp/api/routes/sync.py
helpershelp.api.routes.sync,helpershelp.assistant.models,/Users/sagalilja/Library/Mobile Documents/com~apple~CloudDocs/Helper/backend/src/helpershelp/api/routes/sync.py
helpershelp.api.routes.sync,helpershelp.assistant.sources.gcal,/Users/sagalilja/Library/Mobile Documents/com~apple~CloudDocs/Helper/backend/src/helpershelp/api/routes/sync.py
helpershelp.api.routes.sync,helpershelp.assistant.sources.gmail,/Users/sagalilja/Library/Mobile Documents/com~apple~CloudDocs/Helper/backend/src/helpershelp/api/routes/sync.py
helpershelp.application.assistant.proposals,helpershelp.assistant.date_extract,/Users/sagalilja/Library/Mobile Documents/com~apple~CloudDocs/Helper/backend/src/helpershelp/application/assistant/proposals.py
helpershelp.application.assistant.proposals,helpershelp.assistant.language_guardrails,/Users/sagalilja/Library/Mobile Documents/com~apple~CloudDocs/Helper/backend/src/helpershelp/application/assistant/proposals.py
helpershelp.application.assistant.proposals,helpershelp.assistant.support,/Users/sagalilja/Library/Mobile Documents/com~apple~CloudDocs/Helper/backend/src/helpershelp/application/assistant/proposals.py
helpershelp.application.assistant.sync,helpershelp.assistant.linking,/Users/sagalilja/Library/Mobile Documents/com~apple~CloudDocs/Helper/backend/src/helpershelp/application/assistant/sync.py
helpershelp.application.assistant.sync,helpershelp.assistant.sources.gcal,/Users/sagalilja/Library/Mobile Documents/com~apple~CloudDocs/Helper/backend/src/helpershelp/application/assistant/sync.py
helpershelp.application.assistant.sync,helpershelp.assistant.sources.gmail,/Users/sagalilja/Library/Mobile Documents/com~apple~CloudDocs/Helper/backend/src/helpershelp/application/assistant/sync.py
helpershelp.application.mail.mail_query_service,helpershelp.mail.mail_event,/Users/sagalilja/Library/Mobile Documents/com~apple~CloudDocs/Helper/backend/src/helpershelp/application/mail/mail_query_service.py
helpershelp.infrastructure.security.oauth_adapter,helpershelp.mail.oauth_models,/Users/sagalilja/Library/Mobile Documents/com~apple~CloudDocs/Helper/backend/src/helpershelp/infrastructure/security/oauth_adapter.py
helpershelp.infrastructure.security.token_manager,helpershelp.mail.oauth_models,/Users/sagalilja/Library/Mobile Documents/com~apple~CloudDocs/Helper/backend/src/helpershelp/infrastructure/security/token_manager.py
helpershelp.retrieval.retrieval_coordinator,helpershelp.llm.embedding_service,/Users/sagalilja/Library/Mobile Documents/com~apple~CloudDocs/Helper/backend/src/helpershelp/retrieval/retrieval_coordinator.py
